acc,t
9.30905,0.0
9.046978066666103,0.03333333333333333
8.883075500002226,0.06666666666666667
8.751333880000553,0.1
8.675842745333334,0.13333333333333333
8.65649373066651,0.16666666666666666
8.650397464000058,0.2
8.633450349333268,0.23333333333333334
8.563041106666839,0.26666666666666666
8.574054035398182,0.3
8.625419242666661,0.3333333333333333
8.620755755998767,0.36666666666666664
8.632590920001373,0.4
8.605463200000804,0.43333333333333335
8.651765442666532,0.4666666666666667
8.641489752001135,0.5
8.5353635973348,0.5333333333333333
8.605440376000457,0.5666666666666667
8.643435260001533,0.6
8.66387418399998,0.6333333333333333
8.64421767200008,0.6666666666666666
8.5783631680013,0.7
8.627884714665973,0.7333333333333333
8.616903986666545,0.7666666666666666
8.596374279999512,0.8
8.648841935102803,0.8333333333333334
8.6431213599991,0.8666666666666667
8.588469343998565,0.9
8.508583186667659,0.9333333333333333
8.54760900533302,0.9666666666666667
8.598079551999653,1.0
8.688256679998117,1.0333333333333332
8.787947664000479,1.0666666666666667
8.662679304000008,1.1
8.616637684366006,1.1333333333333333
8.59250406133248,1.1666666666666667
8.594456487999643,1.2
8.578601199999332,1.2333333333333334
8.456877866666245,1.2666666666666666
8.528421320001968,1.3
8.512433215996163,1.3333333333333333
8.608999569323505,1.3666666666666667
8.656791615999948,1.4
8.753634373332257,1.4333333333333333
8.82426055199963,1.4666666666666666
8.804997784000337,1.5
8.608795125334039,1.5333333333333332
8.53010004800034,1.5666666666666667
8.45892144000132,1.6
8.453349000000289,1.6333333333333333
8.676667191741325,1.6666666666666667
8.728886183999458,1.7
8.7312382026669,1.7333333333333334
8.755541239999758,1.7666666666666666
8.727021152000752,1.8
8.64381364400012,1.8333333333333333
8.547330421333772,1.8666666666666667
8.545413144000303,1.9
8.56902195199956,1.9333333333333333
8.662871227137964,1.9666666666666666
8.644183159999121,2.0
8.698504402667592,2.033333333333333
8.713463333333026,2.0666666666666664
8.649227600000243,2.1
8.59340907199909,2.1333333333333333
8.599397407999929,2.1666666666666665
8.625682398230104,2.2
8.602961272000975,2.2333333333333334
8.604295789331122,2.2666666666666666
8.579233823999855,2.3
8.59352867999994,2.3333333333333335
8.62145043733352,2.3666666666666667
8.596825384001157,2.4
8.57171763466681,2.433333333333333
8.565717417333337,2.466666666666667
8.5553766190477,2.5
8.619321732000586,2.533333333333333
8.657396410666722,2.5666666666666664
8.647402903999986,2.6
8.606826673333394,2.6333333333333333
8.570730610665203,2.6666666666666665
8.5217510560015,2.7
8.49645787200187,2.7333333333333334
8.561392141333679,2.7666666666666666
8.596088736001473,2.8
8.596750818666537,2.8333333333333335
8.655703738667121,2.8666666666666667
8.6471450320003,2.9
8.64934027200043,2.933333333333333
8.595341544000318,2.966666666666667
8.594153023999919,3.0
8.579040165191376,3.033333333333333
8.614568960000035,3.0666666666666664
8.63272644000064,3.1
8.629661751999997,3.1333333333333333
8.637059039999945,3.1666666666666665
8.633530751999656,3.2
8.60623931733315,3.2333333333333334
8.650898082666698,3.2666666666666666
8.652405439999852,3.3
8.651681145502609,3.3333333333333335
8.638257530666637,3.3666666666666667
8.657856872000046,3.4
8.644979777333168,3.433333333333333
8.60143087999985,3.466666666666667
8.587803127999774,3.5
8.600356503999496,3.533333333333333
8.620067775811366,3.5666666666666664
8.653954415999571,3.6
8.65651145066632,3.6333333333333333
8.620331479999768,3.6666666666666665
8.568211183999948,3.6999999999999997
8.58762285333325,3.7333333333333334
8.580734973333348,3.7666666666666666
8.598655640000656,3.8
8.603382575998438,3.8333333333333335
8.631717277287244,3.8666666666666667
8.668705375999847,3.9
8.659985623999939,3.933333333333333
8.573917008000096,3.966666666666667
8.587374552000027,4.0
8.594787664000616,4.033333333333333
8.590032522666302,4.066666666666666
8.603367719999772,4.1
8.634327050665647,4.133333333333333
8.645344851851322,4.166666666666667
8.615879440000034,4.2
8.561186181333328,4.233333333333333
8.582024677333324,4.266666666666667
8.605726039999952,4.3
8.571850806667104,4.333333333333333
8.55304137866921,4.366666666666666
8.568492859999983,4.4
8.529313154667243,4.433333333333334
8.522662856000593,4.466666666666667
8.490230176000116,4.5
8.556488770666343,4.533333333333333
8.477948880000355,4.566666666666666
8.350909320000127,4.6
8.337706077333136,4.633333333333333
8.257155309333404,4.666666666666667
8.026793719999839,4.7
7.741030262399587,4.733333333333333
7.506263419733465,4.766666666666667
7.221577207200046,4.8
6.860551995734391,4.833333333333333
6.583776068801045,4.866666666666666
6.528676735997815,4.9
6.4698349433627635,4.933333333333334
6.502807853334873,4.966666666666667
6.79726423999513,5.0
7.450126651464461,5.033333333333333
7.969310159465841,5.066666666666666
8.16497631199771,5.1
8.264190666666817,5.133333333333333
8.251710453332857,5.166666666666667
8.343251320005226,5.2
8.252877345132644,5.233333333333333
8.234316205333378,5.266666666666667
8.198980515998489,5.3
8.344536498666573,5.333333333333333
8.644563920000085,5.366666666666666
9.0650483600016,5.4
9.113972906666179,5.433333333333334
8.996280055554491,5.466666666666667
9.202152975998736,5.5
9.464359794667331,5.533333333333333
9.255441242666798,5.566666666666666
8.969844143999982,5.6
8.993634653334288,5.633333333333333
9.121114053332631,5.666666666666667
9.261479023998383,5.7
9.317763455998554,5.733333333333333
9.479267082596097,5.766666666666667
9.641296560001388,5.8
10.227108646662424,5.833333333333333
10.999385280002283,5.866666666666666
12.08087288000297,5.9
13.205970781319328,5.933333333333334
14.249777538664333,5.966666666666667
14.53935968800015,6.0
14.461545226666706,6.033333333333333
14.368858851039212,6.066666666666666
13.647380640004064,6.1
12.661709752003405,6.133333333333333
11.37380475200036,6.166666666666667
10.504029520000419,6.2
10.665269333334535,6.233333333333333
11.000897333337083,6.266666666666667
10.896384619043095,6.3
10.18376366665796,6.333333333333333
9.50382705866062,6.366666666666666
9.036312495998041,6.4
8.375745886662825,6.433333333333334
7.591555560272135,6.466666666666667
6.567850005603594,6.5
5.201037720004232,6.533333333333333
4.013636900776453,6.566666666666666
2.8376875929268697,6.6
2.1140181653346657,6.633333333333333
1.4143543573354638,6.666666666666667
1.0947619216014788,6.7
1.329111967997728,6.733333333333333
2.0127792896020194,6.766666666666667
3.207196483196266,6.8
4.394577157329959,6.833333333333333
5.579935626932611,6.866666666666666
6.124948727999435,6.8999999999999995
6.3675160479967685,6.933333333333334
6.8473659541304155,6.966666666666667
7.332100663998583,7.0
7.5196465480029975,7.033333333333333
7.986787655994983,7.066666666666666
9.024793240019337,7.1
9.957126603175766,7.133333333333333
10.627380821339292,7.166666666666667
11.189364216003549,7.2
11.283865901331952,7.233333333333333
11.091692357334324,7.266666666666667
11.300000912004428,7.3
11.909433752001485,7.333333333333333
12.64407661066361,7.366666666666666
13.929190104001488,7.3999999999999995
15.062017964591307,7.433333333333334
15.833382546665192,7.466666666666667
16.065451200000876,7.5
15.257826450673406,7.533333333333333
13.966676437341734,7.566666666666666
13.076822739999601,7.6
12.301673576001827,7.633333333333333
11.753019979352779,7.666666666666667
11.240382888001907,7.7
10.921935173333848,7.733333333333333
10.729481797332712,7.766666666666667
10.314924423996871,7.8
9.616254519988612,7.833333333333333
8.749721453327476,7.866666666666666
7.477860680004324,7.8999999999999995
6.445490231984789,7.933333333333334
5.974199085547309,7.966666666666667
5.456276512000598,8.0
4.725914148803559,8.033333333333333
3.7137791407977936,8.066666666666666
2.738231455193889,8.1
2.076851270658936,8.133333333333333
1.7898609663987761,8.166666666666666
1.7513695871998702,8.2
2.0131306101330497,8.233333333333333
2.3678159778760324,8.266666666666666
3.1001788999963686,8.3
4.045531839986721,8.333333333333334
4.992390473595762,8.366666666666667
5.8103994479907595,8.4
6.588681391738869,8.433333333333334
7.499412228537483,8.466666666666667
8.097073046002253,8.5
8.847964341340083,8.533333333333333
9.538293237342298,8.566666666666666
10.509733040002805,8.6
11.001111013335258,8.633333333333333
11.67428757333538,8.666666666666666
11.669261919999077,8.7
11.273088701330995,8.733333333333333
11.281015248005213,8.766666666666666
11.938571300002963,8.8
12.109048141333723,8.833333333333334
12.655622023990828,8.866666666666667
14.210339864004744,8.9
15.785401458667165,8.933333333333334
16.19114987999615,8.966666666666667
15.0234925039921,9.0
13.902895528018254,9.033333333333333
13.259354639997179,9.066666666666666
12.213687640007592,9.1
11.283097933338158,9.133333333333333
10.763129026667979,9.166666666666666
10.584880184001115,9.2
10.507463210666439,9.233333333333333
10.236053722663637,9.266666666666666
9.84253354398573,9.3
9.063373023803036,9.333333333333334
8.231657514666463,9.366666666666667
7.429959576003845,9.4
6.5572693759986045,9.433333333333334
5.724875306660966,9.466666666666667
5.089712399994593,9.5
4.556908442662834,9.533333333333333
3.7265006975971318,9.566666666666666
2.994723721596227,9.6
2.5456314819965074,9.633333333333333
2.4082683189314795,9.666666666666666
2.6809328831986825,9.7
3.1710751162686868,9.733333333333333
3.9176304455991784,9.766666666666666
4.487419401605433,9.8
5.0660103927996305,9.833333333333334
5.193288264601508,9.866666666666667
5.430995008001486,9.9
6.013929999997844,9.933333333333334
6.874663030671152,9.966666666666667
7.539421252000528,10.0
8.019423953873682,10.033333333333333
8.75077191200385,10.066666666666666
9.903515816012039,10.1
10.880611245340326,10.133333333333333
11.491128068783897,10.166666666666666
11.49546165599977,10.2
11.736282431999177,10.233333333333333
12.039171496001252,10.266666666666666
11.920059879999423,10.3
11.13852519998928,10.333333333333334
10.863959333329918,10.366666666666667
10.851078371682833,10.4
10.850108954667478,10.433333333333334
10.788577584000997,10.466666666666667
10.91498445599999,10.5
10.983140957333779,10.533333333333333
11.476786629337397,10.566666666666666
12.715674943997632,10.6
14.257828480007069,10.633333333333333
15.417203624008453,10.666666666666666
14.917937402658735,10.7
13.318877506664949,10.733333333333333
11.649733093339664,10.766666666666666
10.48089239200349,10.8
10.316624733332125,10.833333333333334
10.584186397334346,10.866666666666667
10.552813831999243,10.9
10.193462837329994,10.933333333333334
9.86955583999933,10.966666666666667
9.806901642854694,11.0
9.469714720002518,11.033333333333333
8.596749973334967,11.066666666666666
7.748872200002197,11.1
6.794049786671859,11.133333333333333
5.9351385759940705,11.166666666666666
5.413699999997553,11.2
4.990840177875887,11.233333333333333
4.451990187464157,11.266666666666666
3.56792290080528,11.3
3.073533073600455,11.333333333333334
2.7205309005334404,11.366666666666667
3.026610609594358,11.4
4.059333910403585,11.433333333333334
5.089767394666179,11.466666666666667
5.5704036808140875,11.5
5.66264153244271,11.533333333333333
6.314426583998561,11.566666666666666
6.675545279996281,11.6
7.28707799359894,11.633333333333333
8.223110842660837,11.666666666666666
8.562890435994214,11.7
8.293532242663588,11.733333333333333
8.17171746902694,11.766666666666666
8.117007544001535,11.8
8.518247594669385,11.833333333333334
8.49808101066597,11.866666666666667
8.407332647999427,11.9
8.680592026666185,11.933333333333334
9.261903186663313,11.966666666666667
9.686527360000392,12.0
9.748183253334709,12.033333333333333
9.416596233039481,12.066666666666666
9.246359791999943,12.1
9.186612184000317,12.133333333333333
9.187766576000959,12.166666666666666
9.0129201679999,12.2
9.061513602665938,12.233333333333333
9.121273418667604,12.266666666666666
9.387056327999943,12.3
9.70823261600401,12.333333333333334
9.880211843656367,12.366666666666667
10.036613199999259,12.4
10.121244066665376,12.433333333333334
10.348576133330893,12.466666666666667
10.644591760001909,12.5
11.10984056800068,12.533333333333333
11.934690728000705,12.566666666666666
12.869733819999684,12.6
13.656365554668277,12.633333333333333
13.674822778669146,12.666666666666666
12.9265442000095,12.7
11.775867298678035,12.733333333333333
11.240579973333586,12.766666666666666
11.036525760000764,12.8
10.492227799999474,12.833333333333334
10.174803970667512,12.866666666666667
10.021973060000743,12.9
9.667259232000035,12.933333333333334
9.54969015866665,12.966666666666667
9.430578408001077,13.0
8.697997840003048,13.033333333333333
7.930288610673295,13.066666666666666
7.335955606397766,13.1
7.213997761904368,13.133333333333333
7.286582004000146,13.166666666666666
7.230786279996285,13.2
7.102702746668299,13.233333333333333
7.000675487999561,13.266666666666666
6.97885907200018,13.299999999999999
6.870449593600419,13.333333333333334
6.949382691733254,13.366666666666667
6.943139695999954,13.4
6.805074045333325,13.433333333333334
6.868206184266481,13.466666666666667
7.0491279823983986,13.5
7.202739956533513,13.533333333333333
7.1359267877336485,13.566666666666666
6.968707544003919,13.6
7.177525413335871,13.633333333333333
7.580486770671604,13.666666666666666
8.131600472001283,13.7
8.473769733337287,13.733333333333333
8.716264117333223,13.766666666666666
8.793219576000977,13.799999999999999
8.430822672001783,13.833333333333334
8.227985804000921,13.866666666666667
8.279642087999767,13.9
8.536401634666785,13.933333333333334
8.859213777777752,13.966666666666667
8.875515759999082,14.0
8.798163039999865,14.033333333333333
8.615494960001811,14.066666666666666
8.392787360002064,14.1
8.14976484800003,14.133333333333333
8.206158607999484,14.166666666666666
8.360762863999996,14.2
8.204102744000485,14.233333333333333
8.048032581120957,14.266666666666666
7.52197393359266,14.299999999999999
6.6246614877237295,14.333333333333334
5.56033611520267,14.366666666666667
5.3330674776010705,14.4
5.1200702333333235,14.433333333333334
4.953204533331654,14.466666666666667
5.067014629210274,14.5
5.0370073600035745,14.533333333333333
5.382017977867631,14.566666666666666
5.607461464001694,14.6
6.295773511483488,14.633333333333333
6.829985762665426,14.666666666666666
7.804767287993255,14.7
8.601496098667027,14.733333333333333
9.219790568000425,14.766666666666666
9.753875451326802,14.799999999999999
10.483313565333031,14.833333333333334
10.47505792533317,14.866666666666667
10.381679056000147,14.9
10.929543530666582,14.933333333333334
11.902597226665867,14.966666666666667
12.97310139999615,15.0
14.283299712014959,15.033333333333333
15.826706728019406,15.066666666666666
17.318869646025618,15.1
17.44699027732975,15.133333333333333
16.44275313865605,15.166666666666666
14.939734639991604,15.2
13.3889421333308,15.233333333333333
12.50602861332094,15.266666666666666
11.60133503999402,15.299999999999999
10.921284884951268,15.333333333333334
10.457343426664718,15.366666666666667
9.812804327992483,15.4
9.12291692799881,15.433333333333334
8.60382915999865,15.466666666666667
7.841846132800808,15.5
7.11823354240688,15.533333333333333
6.51221562106731,15.566666666666666
5.868304773600305,15.6
4.976879516226393,15.633333333333333
4.088566172803029,15.666666666666666
3.4022923128025617,15.7
2.774611352000178,15.733333333333333
2.56685578159995,15.766666666666666
2.9174664080073094,15.799999999999999
3.7426807373492306,15.833333333333334
4.86509610679207,15.866666666666667
5.2818205360024155,15.9
5.389465469332373,15.933333333333334
4.639037303466587,15.966666666666667
4.071806267180077,16.0
4.1921303802696155,16.03333333333333
5.174455924267468,16.066666666666666
6.5067777760093275,16.1
7.376708740006894,16.133333333333333
8.125624340124897,16.166666666666668
8.807254064001976,16.2
9.21980450666818,16.233333333333334
9.55862145599984,16.266666666666666
10.066579096000249,16.3
10.454405525335723,16.333333333333332
10.644687872000201,16.366666666666667
10.516605336002689,16.4
10.83662142667285,16.433333333333334
11.378070793516066,16.466666666666665
11.71001837600061,16.5
12.534806725339802,16.53333333333333
13.726971197328593,16.566666666666666
14.2996914159986,16.6
14.437446202667706,16.633333333333333
14.434138522669365,16.666666666666668
14.500325100000026,16.7
14.323913679993918,16.733333333333334
13.5373862319871,16.766666666666666
12.34534509599857,16.8
11.418706661330015,16.833333333333332
10.733643269332708,16.866666666666667
10.535683951999673,16.9
10.61614599999728,16.933333333333334
10.339156799998912,16.966666666666665
9.85447661947112,17.0
9.473669333332769,17.03333333333333
8.593931194667322,17.066666666666666
7.573641500800235,17.1
6.76068933386734,17.133333333333333
6.394433070931087,17.166666666666668
5.481589279989263,17.2
4.736687229792602,17.233333333333334
3.885482391993808,17.266666666666666
3.2484817880049928,17.3
2.4613060429302953,17.333333333333332
2.0675478663988542,17.366666666666667
2.1155988767990923,17.4
2.7347088815967506,17.433333333333334
3.4681250906637535,17.466666666666665
4.2571417072136475,17.5
4.70202522333206,17.53333333333333
5.070042519999705,17.566666666666666
5.261520917603937,17.6
6.170728518666981,17.633333333333333
7.249880643201184,17.666666666666668
8.156953312004903,17.7
8.607785301334562,17.733333333333334
9.438221920002151,17.766666666666666
10.260667680006916,17.8
11.126867914452243,17.833333333333332
11.188305674666674,17.866666666666667
11.038470344000068,17.9
10.977606970666677,17.933333333333334
11.166991122665088,17.966666666666665
11.205460272000542,18.0
11.105230242655157,18.03333333333333
10.821095182891051,18.066666666666666
10.68540157599753,18.1
10.330833898666668,18.133333333333333
10.172645400001379,18.166666666666668
10.02788132799971,18.2
10.160112533334246,18.233333333333334
10.541210146667142,18.266666666666666
11.422032359996889,18.3
12.50539309066783,18.333333333333332
13.90417062683219,18.366666666666667
15.233399839996846,18.4
15.030491693340354,18.433333333333334
13.5481404266679,18.466666666666665
12.166446824000444,18.5
11.248614415991847,18.53333333333333
10.756793874666736,18.566666666666666
10.63873800000068,18.6
10.544674999996664,18.633333333333333
10.016893133337936,18.666666666666668
9.590282999996274,18.7
9.31449375199871,18.733333333333334
8.81156518133645,18.766666666666666
8.304447400002767,18.8
7.30604375333545,18.833333333333332
6.792366663982137,18.866666666666667
6.252519574336162,18.9
5.690817512000006,18.933333333333334
5.480938320534503,18.966666666666665
5.284931799998357,19.0
5.334208929332538,19.03333333333333
4.879318609329371,19.066666666666666
4.076330511998363,19.1
3.8031107114658416,19.133333333333333
4.317674850666591,19.166666666666668
5.110262428318586,19.2
5.728277352264314,19.233333333333334
6.278070955988829,19.266666666666666
6.559750338398006,19.3
6.562507105605337,19.333333333333332
5.899351673073101,19.366666666666667
5.987588802407865,19.4
6.597428036282834,19.433333333333334
7.472207200002045,19.466666666666665
7.420563936004661,19.5
7.312193708798575,19.53333333333333
7.481234117333902,19.566666666666666
7.733558895994152,19.6
8.040040125332775,19.633333333333333
8.3100438213318,19.666666666666668
8.66045750400663,19.7
9.011172498524914,19.733333333333334
9.242092226665862,19.766666666666666
9.335201919996804,19.8
9.437713466666555,19.833333333333332
9.460260093332879,19.866666666666667
9.399225560002565,19.9
9.488871666666592,19.933333333333334
9.574853365079457,19.966666666666665
9.589782399999933,20.0
9.409273042666753,20.03333333333333
9.33097397333494,20.066666666666666
9.544092635997211,20.1
9.527245599997983,20.133333333333333
9.55963522399937,20.166666666666668
9.78911415999874,20.2
10.45196896000881,20.233333333333334
10.957449979347984,20.266666666666666
11.711900420000967,20.3
12.686525426660586,20.333333333333332
13.546713914662645,20.366666666666667
14.436347208001257,20.4
14.913374455998934,20.433333333333334
14.613345229330069,20.466666666666665
13.429625536000946,20.5
12.092115367999753,20.53333333333333
11.400316834819337,20.566666666666666
10.915969760001369,20.6
10.55987376000219,20.633333333333333
10.16472380000277,20.666666666666668
9.881205600004987,20.7
9.379519456000088,20.733333333333334
9.078276520000397,20.766666666666666
8.508018513269276,20.8
7.802289815458991,20.833333333333332
6.917985082654537,20.866666666666667
6.288344747197322,20.9
5.99216683706536,20.933333333333334
5.816851449870466,20.966666666666665
5.797246399999233,21.0
5.817894746667029,21.03333333333333
5.749895547997822,21.066666666666666
5.685760939999901,21.1
5.348409842667476,21.133333333333333
5.1246925866691635,21.166666666666668
4.843133364800963,21.2
4.953539501330696,21.233333333333334
5.553917324004631,21.266666666666666
6.189708504003791,21.3
6.49455443156594,21.333333333333332
6.702849860268755,21.366666666666667
6.559910951995367,21.4
6.4290260912000505,21.433333333333334
6.329017098666006,21.466666666666665
6.825350343997129,21.5
7.0232826479948836,21.53333333333333
7.555172823201427,21.566666666666666
8.00605857200246,21.6
8.082613663719005,21.633333333333333
7.9995707258660875,21.666666666666668
7.97075135840341,21.7
8.15679481066816,21.733333333333334
8.601435914668505,21.766666666666666
8.847161200001423,21.8
9.121279768003077,21.833333333333332
9.301719386667724,21.866666666666667
9.47387815999879,21.9
9.659411866667831,21.933333333333334
9.990504239998717,21.966666666666665
10.089154120000355,22.0
9.820927085334988,22.03333333333333
9.79763582133306,22.066666666666666
9.837810480002503,22.1
9.955203711999728,22.133333333333333
10.036756997050185,22.166666666666668
10.4165047680008,22.2
10.665917999999033,22.233333333333334
11.100034714667922,22.266666666666666
11.869234736008254,22.3
12.727617013341925,22.333333333333332
13.892606920006509,22.366666666666667
14.101814744003478,22.4
13.776082773325593,22.433333333333334
12.945772144533068,22.466666666666665
11.896560743995096,22.5
11.245633394661347,22.53333333333333
10.744364431998875,22.566666666666666
9.964902695993976,22.6
9.3905855186601,22.633333333333333
9.218255506666189,22.666666666666668
9.224459999998645,22.7
8.856551999996809,22.733333333333334
8.628848933330277,22.766666666666666
8.556544975999735,22.8
8.492045024000799,22.833333333333332
8.09110839466906,22.866666666666667
8.044414591996249,22.9
7.929484891730887,22.933333333333334
7.469675506130313,22.966666666666665
6.82085601681611,23.0
6.401566347733287,23.03333333333333
6.1373017936002725,23.066666666666666
5.9548508760001715,23.1
5.870605768000036,23.133333333333333
6.118864759999266,23.166666666666668
6.561637628003101,23.2
7.015385684803625,23.233333333333334
7.579370254937895,23.266666666666666
8.01547611504752,23.3
8.059972255999618,23.333333333333332
7.810306828800913,23.366666666666667
7.770308455999321,23.4
8.001082056000074,23.433333333333334
8.210624301336752,23.466666666666665
8.538833848002843,23.5
8.987154053098257,23.53333333333333
9.157836333332828,23.566666666666666
9.070412880000564,23.6
8.725675669333404,23.633333333333333
8.621327370666814,23.666666666666668
8.70719241600055,23.7
8.555638535998767,23.733333333333334
8.296496805330868,23.766666666666666
8.105631336000862,23.8
8.589198920635786,23.833333333333332
8.543954490666689,23.866666666666667
8.504760544000593,23.9
8.48756489333382,23.933333333333334
8.614620386665365,23.966666666666665
8.473044280000074,24.0
8.400137133332802,24.03333333333333
8.526821970667912,24.066666666666666
8.625835812002617,24.1
8.655203359883565,24.133333333333333
8.93101819200017,24.166666666666668
9.19004173600015,24.2
8.955271877334168,24.233333333333334
8.949408343998495,24.266666666666666
8.816675992000423,24.3
9.263036647998339,24.333333333333332
8.803322262537042,24.366666666666667
8.4807435599993,24.4
8.306671120000356,24.433333333333334
7.97831086933358,24.466666666666665
8.036032295999844,24.5
8.384904194663822,24.53333333333333
8.635103437333893,24.566666666666666
8.756902863999379,24.6
9.328377221341714,24.633333333333333
9.068841357137723,24.666666666666668
8.510652304001097,24.7
7.6179710568014904,24.733333333333334
7.363187733334297,24.766666666666666
7.419117999999659,24.8
7.616141480800125,24.833333333333332
7.552309903995871,24.866666666666667
7.107688457999014,24.9
6.52930339092958,24.933333333333334
6.473038294931558,24.966666666666665
6.655767872000344,25.0
7.279228806667873,25.03333333333333
7.562771362666736,25.066666666666666
7.350262679203594,25.1
6.961622940000587,25.133333333333333
6.71957202666681,25.166666666666668
6.8583572249999865,25.2
7.3873585840004266,25.233333333333334
7.908106901331847,25.266666666666666
8.14827104800016,25.3
8.178750301332649,25.333333333333332
8.472509410662227,25.366666666666667
8.97801984800075,25.4
9.236077703999978,25.433333333333334
9.215992600000192,25.466666666666665
9.295068991996958,25.5
9.70114818399965,25.53333333333333
9.767078154667011,25.566666666666666
9.640139920000397,25.6
9.562720666665104,25.633333333333333
10.253231736000306,25.666666666666668
11.24818494400105,25.7
12.647596386670367,25.733333333333334
13.93116858666868,25.766666666666666
14.290406511998723,25.8
14.445090384000492,25.833333333333332
14.179925978666878,25.866666666666667
13.459489832002651,25.9
12.827917805330777,25.933333333333334
12.106994573320161,25.966666666666665
11.578403839998073,26.0
11.123592466664837,26.03333333333333
10.69973193333382,26.066666666666666
10.170250240001486,26.099999999999998
9.720596513336828,26.133333333333333
9.239377436000616,26.166666666666668
8.959333808000965,26.2
8.764927813332386,26.233333333333334
8.04661754543101,26.266666666666666
7.486294747200197,26.3
7.007258327468952,26.333333333333332
6.603220007468986,26.366666666666667
6.31219696000113,26.4
6.114404020001274,26.433333333333334
5.705306253334826,26.466666666666665
5.268740001600661,26.5
4.504411128000126,26.53333333333333
3.944426819469026,26.566666666666666
4.021810626399148,26.599999999999998
4.587696607999586,26.633333333333333
4.8585116245317685,26.666666666666668
5.099847615999423,26.7
5.345056290663542,26.733333333333334
5.466861499463157,26.766666666666666
5.092211000001371,26.8
4.913623586669941,26.833333333333332
5.737339373341372,26.866666666666667
6.282340784002703,26.9
6.615509421334285,26.933333333333334
7.083470429326108,26.966666666666665
8.033386480004772,27.0
8.305431437333521,27.03333333333333
8.761888426666872,27.066666666666666
9.432163433621968,27.099999999999998
10.165055415999513,27.133333333333333
10.346013111999875,27.166666666666668
10.366937855997284,27.2
10.588848514663308,27.233333333333334
10.849804999999215,27.266666666666666
11.34167019999814,27.3
11.801879837331958,27.333333333333332
12.895647275996637,27.366666666666667
14.343191000000285,27.4
15.74968551200691,27.433333333333334
15.869275469330999,27.466666666666665
14.763168368006696,27.5
13.532686717338205,27.53333333333333
12.652015584007831,27.566666666666666
11.784196271995182,27.599999999999998
11.189577636242221,27.633333333333333
10.736926559994735,27.666666666666668
10.402034759999285,27.7
10.121253431999703,27.733333333333334
9.756738247998134,27.766666666666666
9.56295124000004,27.8
9.270891872003594,27.833333333333332
8.81638826666698,27.866666666666667
7.826032295999636,27.9
7.391075828614412,27.933333333333334
7.366055467732813,27.966666666666665
6.535805872004469,28.0
5.996542324271639,28.03333333333333
5.577569655204909,28.066666666666666
4.978921319990516,28.099999999999998
3.782098135991829,28.133333333333333
3.005078807995007,28.166666666666668
2.6906386263967343,28.2
3.0346542787713746,28.233333333333334
4.16674480800668,28.266666666666666
5.475848117606473,28.3
6.793660946936837,28.333333333333332
6.465252491198215,28.366666666666667
5.5461059023980965,28.4
4.839388994133435,28.433333333333334
4.8785991375661695,28.466666666666665
5.642145520004569,28.5
6.835235026672279,28.53333333333333
6.785858944000312,28.566666666666666
7.167517896000375,28.599999999999998
7.847681805872585,28.633333333333333
8.730299518668826,28.666666666666668
9.77210221599848,28.7
10.269085237332796,28.733333333333334
10.365360781711573,28.766666666666666
10.361111295998247,28.8
10.377858162665069,28.833333333333332
10.122275666664216,28.866666666666667
9.961835591999781,28.9
10.321029570666452,28.933333333333334
11.258764852013044,28.966666666666665
12.511905240009765,29.0
14.31996603468513,29.03333333333333
16.165835101351767,29.066666666666666
17.125390399997887,29.099999999999998
16.410729375986772,29.133333333333333
14.893148250659458,29.166666666666668
13.56031531199883,29.2
12.2614663146592,29.233333333333334
11.45931662666192,29.266666666666666
10.79650887999825,29.3
9.99889260533469,29.333333333333332
9.50412521066964,29.366666666666667
9.07590312800031,29.4
8.749577826666865,29.433333333333334
8.009328425596065,29.466666666666665
7.47925599279863,29.5
6.8573756855954615,29.53333333333333
6.430608771993364,29.566666666666666
5.828957157516649,29.599999999999998
5.078543639994069,29.633333333333333
4.455446831995858,29.666666666666668
3.8193725983959346,29.7
3.1972765565324344,29.733333333333334
2.9335517032007896,29.766666666666666
2.9731838424050925,29.8
3.4654439573336835,29.833333333333332
4.007785305604067,29.866666666666667
4.596964479203349,29.9
4.9142760005343735,29.933333333333334
5.259862869333785,29.966666666666665
5.437303004801419,30.0
5.839028461867467,30.03333333333333
6.540123834672497,30.066666666666666
7.507884854407032,30.099999999999998
8.320979899997033,30.133333333333333
8.87381165333009,30.166666666666668
9.429552319996537,30.2
9.982714701333286,30.233333333333334
10.181319983999256,30.266666666666666
10.052036679998263,30.3
10.214025789332869,30.333333333333332
10.164251064896703,30.366666666666667
10.229247008000975,30.4
10.473421591996033,30.433333333333334
11.243034520001398,30.466666666666665
12.084713160019941,30.5
13.308937178673538,30.53333333333333
15.12907143466807,30.566666666666666
16.253178240006626,30.599999999999998
16.449772119997434,30.633333333333333
15.114457428565691,30.666666666666668
13.65230970400361,30.7
12.272874730675703,30.733333333333334
11.455876314667227,30.766666666666666
10.605728359999794,30.8
9.993126202661362,30.833333333333332
9.476491799999248,30.866666666666667
9.157151295998672,30.9
9.027900917334216,30.933333333333334
8.916932958702901,30.966666666666665
8.754887599999975,31.0
8.21508720000003,31.03333333333333
7.386508919204866,31.066666666666666
6.62333118480096,31.099999999999998
6.202656572535312,31.133333333333333
5.91150014826414,31.166666666666668
5.380008665488591,31.2
4.981531146132339,31.233333333333334
4.5173794616029594,31.266666666666666
3.885372211202884,31.3
3.3046682586683103,31.333333333333332
3.2004533458677797,31.366666666666667
3.5050270728002237,31.4
3.8873058413350066,31.433333333333334
4.1202275000025255,31.466666666666665
4.2152962222221895,31.5
4.358728293332809,31.53333333333333
4.856060531197597,31.566666666666666
5.808364859999489,31.599999999999998
7.005925687998535,31.633333333333333
8.111670666407553,31.666666666666668
8.543259720006526,31.7
9.252013172567139,31.733333333333334
9.806317256003014,31.766666666666666
10.084789056000213,31.8
10.177643733333477,31.833333333333332
10.467507266666427,31.866666666666667
10.133255968003548,31.9
9.81822504266771,31.933333333333334
10.177160506663569,31.966666666666665
10.850624400008929,32.0
11.70962853391419,32.03333333333333
13.376780821330401,32.06666666666666
15.097763887988052,32.1
16.561600549330027,32.13333333333333
16.60698506667128,32.166666666666664
15.587212415990095,32.2
14.115967399997523,32.233333333333334
12.661069399994641,32.266666666666666
11.71474959999613,32.3
11.009418417994196,32.333333333333336
10.424835546670225,32.36666666666667
9.723381584000222,32.4
9.782302733335323,32.43333333333333
9.222103717336248,32.46666666666667
8.650369676005345,32.5
8.278033215996713,32.53333333333333
7.736227924485124,32.56666666666666
7.208638488794224,32.6
6.352610614401873,32.63333333333333
5.988426196001105,32.666666666666664
5.315885392001994,32.7
4.631014479739129,32.733333333333334
4.180729828265659,32.766666666666666
4.116527617600257,32.8
4.045475156266602,32.833333333333336
4.204571427436053,32.86666666666667
4.328230571998738,32.9
4.371221977065768,32.93333333333333
4.434992530667211,32.96666666666667
4.330602226400555,33.0
4.365870133333508,33.03333333333333
4.747826199997929,33.06666666666666
5.362985000002296,33.1
5.982267533339103,33.13333333333333
6.817890399992062,33.166666666666664
7.7353070680065255,33.2
8.629148370672684,33.233333333333334
9.027486141332808,33.266666666666666
9.020160800001204,33.3
9.21070658934331,33.333333333333336
10.12547528534621,33.36666666666667
10.79508504000268,33.4
10.698961106666706,33.43333333333333
10.469449730669325,33.46666666666667
10.448838079998684,33.5
10.740085320000727,33.53333333333333
11.39347295733476,33.56666666666666
12.511262991995972,33.6
14.000993655997334,33.63333333333333
15.713799113332605,33.666666666666664
16.809893345132824,33.7
16.594098210670243,33.733333333333334
15.247048144031071,33.766666666666666
13.769465712006449,33.8
12.747538485342064,33.833333333333336
11.848147506666912,33.86666666666667
11.150876840002544,33.9
10.198102766665995,33.93333333333333
9.586741199995199,33.96666666666667
9.075936080000002,34.0
8.604145719997838,34.03333333333333
8.136038715998819,34.06666666666666
7.374299184795099,34.1
6.700386270663478,34.13333333333333
5.882216716796533,34.166666666666664
5.5870415672005,34.2
5.477343560000285,34.233333333333334
5.59349422186703,34.266666666666666
5.2934995168011945,34.3
5.217521272000443,34.333333333333336
5.179715749332801,34.36666666666667
5.451524023999895,34.4
5.455971520800318,34.43333333333333
5.421916465608579,34.46666666666667
5.695962362402498,34.5
6.072977131731491,34.53333333333333
6.388650903997899,34.56666666666666
6.456554208002056,34.6
6.228849421860194,34.63333333333333
5.357805127996353,34.666666666666664
5.00598635999284,34.7
4.958444501337288,34.733333333333334
4.932943824775351,34.766666666666666
5.4876901672036835,34.8
6.2711691693443035,34.833333333333336
7.312494738664905,34.86666666666667
7.8073506960007215,34.9
8.255445330671568,34.93333333333333
8.635186423999619,34.96666666666667
8.92247476000281,35.0
9.53493030667422,35.03333333333333
10.367503268440226,35.06666666666666
10.899681000000307,35.1
10.847736533332212,35.13333333333333
10.65772643333504,35.166666666666664
10.630171200002296,35.2
10.951948978666588,35.233333333333334
11.804336989330496,35.266666666666666
12.880064285716207,35.3
14.29261073600441,35.333333333333336
15.68115378932978,35.36666666666667
15.898087800000301,35.4
15.227999050667552,35.43333333333333
14.329155573323469,35.46666666666667
13.220154703995492,35.5
12.239999613320576,35.53333333333333
11.325236399998062,35.56666666666666
10.818528110613418,35.6
10.477013018664966,35.63333333333333
10.009560967993183,35.666666666666664
9.475130200002921,35.7
8.91484417333718,35.733333333333334
8.408661274660473,35.766666666666666
7.817399563194741,35.8
7.004116429197746,35.833333333333336
6.433977328262572,35.86666666666667
5.981268462399627,35.9
5.591278626666511,35.93333333333333
5.078228399998906,35.96666666666667
4.676019560001777,36.0
4.267538859999746,36.03333333333333
4.264202184799956,36.06666666666666
4.764810316006869,36.1
5.601112384080524,36.13333333333333
6.682028678677071,36.166666666666664
7.570785941606382,36.2
8.504301395996963,36.233333333333334
9.076777613332938,36.266666666666666
9.430571136000788,36.3
9.61358137600108,36.333333333333336
9.57250871999873,36.36666666666667
9.274483679996973,36.4
8.85380568731219,36.43333333333333
8.479256890665082,36.46666666666667
8.338891823999987,36.5
8.394961058666777,36.53333333333333
8.487617884000011,36.56666666666666
8.366874991998609,36.6
8.196866255999687,36.63333333333333
8.107543094395167,36.666666666666664
7.9642249231991205,36.7
7.797557705067559,36.733333333333334
7.629272056000067,36.766666666666666
7.671738567999986,36.8
7.658365201598366,36.833333333333336
7.722767959999622,36.86666666666667
7.450412407994139,36.9
7.075195625596108,36.93333333333333
6.8381963038356925,36.96666666666667
6.666028355197791,37.0
6.666211514666007,37.03333333333333
6.8067528143971865,37.06666666666666
7.008430735998111,37.1
7.361802439998032,37.13333333333333
7.453055500000373,37.166666666666664
7.369636000000268,37.2
7.337060999999659,37.233333333333334
7.639457053335085,37.266666666666666
8.047153880000565,37.3
8.26560309066788,37.333333333333336
8.455187850667693,37.36666666666667
8.781728399998936,37.4
9.351720005332815,37.43333333333333
9.712415578666718,37.46666666666667
9.686203280000049,37.5
9.649040125332851,37.53333333333333
9.701288125332105,37.56666666666666
9.79486700000014,37.6
9.84499894666742,37.63333333333333
9.877047533331984,37.666666666666664
10.1187436160027,37.7
10.91271602934223,37.733333333333334
12.056315954677736,37.766666666666666
13.418723663732274,37.8
14.812901488002948,37.833333333333336
15.362886261331692,37.86666666666667
14.944769704002601,37.9
13.920399853325312,37.93333333333333
12.601261373330853,37.96666666666667
11.350935519999283,38.0
10.483970766666442,38.03333333333333
10.252778866668569,38.06666666666666
10.280920640000272,38.1
9.982644281333517,38.13333333333333
9.6198834266665,38.166666666666664
9.017922359999147,38.2
8.605288709334003,38.233333333333334
8.192810818667427,38.266666666666666
7.549742141590564,38.3
7.052842427728668,38.333333333333336
7.283808349333431,38.36666666666667
7.17551010799981,38.4
6.782667802671337,38.43333333333333
5.964422446669611,38.46666666666667
5.374479296802304,38.5
4.6381831807977045,38.53333333333333
4.308484162242246,38.56666666666666
3.8880758559984,38.6
3.5348793002695733,38.63333333333333
3.4950919514669674,38.666666666666664
3.9709225896024987,38.7
4.680578573331898,38.733333333333334
5.335118593061529,38.766666666666666
5.633086659999962,38.8
5.935758840000077,38.833333333333336
6.617824356046179,38.86666666666667
7.165998062398496,38.9
7.426857575996908,38.93333333333333
7.727969734932769,38.96666666666667
8.188874095999298,39.0
8.774521938664758,39.03333333333333
8.973024992002026,39.06666666666666
9.263059599999474,39.1
9.940106314676381,39.13333333333333
10.192085591270772,39.166666666666664
10.092072000000442,39.2
10.200914466666921,39.233333333333334
10.268825866668664,39.266666666666666
10.21466339999646,39.3
10.03317448533253,39.333333333333336
9.876917525335802,39.36666666666667
10.172215893802363,39.4
10.396848842665824,39.43333333333333
10.719020178664774,39.46666666666667
11.141265287998191,39.5
12.12841388799512,39.53333333333333
13.597338741331324,39.56666666666666
14.522773503995692,39.6
14.522429240001395,39.63333333333333
13.374319293334501,39.666666666666664
12.2263510530998,39.7
11.395711432002315,39.733333333333334
10.967103346668665,39.766666666666666
10.67173037600073,39.8
10.178555741334351,39.833333333333336
9.95187986666487,39.86666666666667
9.821265983996092,39.9
9.497606693333442,39.93333333333333
9.23212609333315,39.96666666666667
9.243957224006706,40.0
8.848479999995952,40.03333333333333
8.162373706656869,40.06666666666666
7.289985268001213,40.1
6.896723408002767,40.13333333333333
6.396573312799637,40.166666666666664
5.790250259999287,40.2
5.133002867552544,40.233333333333334
4.510868288002545,40.266666666666666
3.8255480880048105,40.3
3.4382077194677656,40.333333333333336
3.313835012534065,40.36666666666667
3.4634322159968853,40.4
3.9773504618688134,40.43333333333333
4.528453586671525,40.46666666666667
5.12679260000801,40.5
5.6833214292089975,40.53333333333333
6.247372307470777,40.56666666666666
6.709055440006867,40.6
7.315242944001299,40.63333333333333
7.929091420001037,40.666666666666664
8.398163719995773,40.7
8.844894818669765,40.733333333333334
9.043444634217341,40.766666666666666
9.3585146079998,40.8
9.61443718132973,40.833333333333336
9.883525853334104,40.86666666666667
9.735929359999139,40.9
9.369587269332289,40.93333333333333
9.301961277333355,40.96666666666667
9.445879928000053,41.0
9.809356775999923,41.03333333333333
10.05946011209356,41.06666666666666
10.753025151996686,41.1
12.012198093328115,41.13333333333333
13.533554082673982,41.166666666666664
14.492031520005618,41.2
15.092008925337515,41.233333333333334
14.99430648265903,41.266666666666666
14.35376799998783,41.3
12.982053066655089,41.333333333333336
11.656029199987643,41.36666666666667
10.908017895998006,41.4
10.564248312001522,41.43333333333333
10.312486442666879,41.46666666666667
10.016428671999833,41.5
9.625089573330294,41.53333333333333
9.380889864002292,41.56666666666666
9.437297229999356,41.6
9.416936959999648,41.63333333333333
9.15217893333423,41.666666666666664
8.792158592003291,41.7
8.373667879999756,41.733333333333334
8.297098237331246,41.766666666666666
7.558839395998321,41.8
6.678436042669082,41.833333333333336
6.002469265600536,41.86666666666667
5.747840176991096,41.9
5.5691227781332575,41.93333333333333
5.178569147730085,41.96666666666667
5.08693088799994,42.0
4.9918275760005235,42.03333333333333
5.441994248005259,42.06666666666666
6.132971056007035,42.1
6.94518639764762,42.13333333333333
7.353341045333825,42.166666666666664
7.653664376004104,42.2
8.150796602668002,42.233333333333334
8.648874781334314,42.266666666666666
8.572557871997041,42.3
8.106774983999406,42.333333333333336
8.097363448000834,42.36666666666667
8.374547048000965,42.4
8.488373633335272,42.43333333333333
8.626098519999982,42.46666666666667
8.77524131999884,42.5
8.83224944266469,42.53333333333333
8.768176253332742,42.56666666666666
8.712784568000915,42.6
8.704377775999978,42.63333333333333
8.698446849556944,42.666666666666664
8.655178927999273,42.7
8.70993273066509,42.733333333333334
8.784856074666454,42.766666666666666
8.947438623999103,42.8
8.84223864533365,42.833333333333336
8.675255997332952,42.86666666666667
8.719943440000385,42.9
8.890094360003372,42.93333333333333
8.89800703244659,42.96666666666667
8.639923999997048,43.0
8.606594400002813,43.03333333333333
8.62361210666659,43.06666666666666
8.55707078399946,43.1
8.768372010666837,43.13333333333333
8.736278631999882,43.166666666666664
8.560034735999938,43.2
8.71227760799838,43.233333333333334
8.625106734514544,43.266666666666666
8.625569772000231,43.3
8.638782314666667,43.333333333333336
8.564662353332455,43.36666666666667
8.618341928000273,43.4
8.55698191733411,43.43333333333333
8.477212840000105,43.46666666666667
8.550130070796394,43.5
8.582573346666187,43.53333333333333
8.519614096000344,43.56666666666666
8.483171639999684,43.6
8.391510553333159,43.63333333333333
8.430114037333498,43.666666666666664
8.48346666399995,43.7
8.531792386666543,43.733333333333334
8.559681754666999,43.766666666666666
8.580794221239595,43.8
8.554781920000142,43.833333333333336
8.460582520000157,43.86666666666667
8.557066407999947,43.9
8.821950936000006,43.93333333333333
8.803884306664653,43.96666666666667
8.585211967999653,44.0
8.395539666667332,44.03333333333333
8.467104933333973,44.06666666666666
8.488652272000463,44.1
8.577813495999928,44.13333333333333
8.649859664000015,44.166666666666664
8.553570872000005,44.2
8.561936482666752,44.233333333333334
8.576535901332846,44.266666666666666
8.583547240002416,44.3
8.628435982300585,44.333333333333336
8.63208953599994,44.36666666666667
8.616597583999337,44.4
8.64922020533357,44.43333333333333
8.646603008000175,44.46666666666667
8.679429176000594,44.5
8.697500487999864,44.53333333333333
8.611037994666454,44.56666666666666
8.548929767999386,44.6
8.597469554571745,44.63333333333333
8.596654293333286,44.666666666666664
8.614849760000025,44.7
8.640509397333595,44.733333333333334
8.676672901333383,44.766666666666666
8.603785224000788,44.8
8.583114781332519,44.833333333333336
8.580252784660757,44.86666666666667
8.573741511999705,44.9
8.576270125334277,44.93333333333333
8.637713194666794,44.96666666666667
8.611049000000078,45.0
8.546546866665643,45.03333333333333
8.526085786667071,45.06666666666666
8.609275039999778,45.1
8.642460813332361,45.13333333333333
8.54748012433878,45.166666666666664
8.506023584000072,45.2
8.547398194666359,45.233333333333334
8.625218741332619,45.266666666666666
8.66073556799943,45.3
8.597104527999914,45.333333333333336
8.594815613333344,45.36666666666667
8.58314531199972,45.4
8.570827624000211,45.43333333333333
8.520112480825553,45.46666666666667
8.5237046,45.5
8.56198039999999,45.53333333333333
8.604201122666648,45.56666666666666
8.628751080000038,45.6
8.600249058666577,45.63333333333333
8.541925872002249,45.666666666666664
8.587363504424719,45.7
8.655284239999618,45.733333333333334
8.613411874667701,45.766666666666666
8.611916488000595,45.8
8.58784849333336,45.833333333333336
8.581837826667202,45.86666666666667
8.611255800000354,45.9
8.614187480001258,45.93333333333333
8.642787533333276,45.96666666666667
8.591696694443943,46.0
8.575518997333134,46.03333333333333
8.545584458666351,46.06666666666666
8.601841239999903,46.1
8.613519488001396,46.13333333333333
8.629126861333344,46.166666666666664
8.598866999999636,46.2
8.607298986666988,46.233333333333334
8.598057237334523,46.266666666666666
8.646026007999751,46.3
8.626181613333122,46.333333333333336
8.650238906666695,46.36666666666667
8.636273983998867,46.4
8.53948370533358,46.43333333333333
8.46183456000084,46.46666666666667
8.458327703999958,46.5
8.613117653334045,46.53333333333333
8.62888732000033,46.56666666666666
8.65678623999944,46.6
8.425895399999423,46.63333333333333
8.464721274667133,46.666666666666664
8.407007720000093,46.7
8.45271108000012,46.733333333333334
8.53058495466625,46.766666666666666
8.593533399999847,46.8
8.679513351032462,46.833333333333336
8.656488311999887,46.86666666666667
8.677528951999335,46.9
8.679388413333688,46.93333333333333
8.66699475200093,46.96666666666667
8.581729840000648,47.0
8.574621473331653,47.03333333333333
8.794519056049594,47.06666666666666
8.728836800001162,47.1
8.913222053334959,47.13333333333333
9.011939199999961,47.166666666666664
8.998895800001021,47.2
8.694441469334075,47.233333333333334
8.54176294133234,47.266666666666666
8.557614912001707,47.3
8.674132400000984,47.333333333333336
8.634224265486786,47.36666666666667
8.612874391999565,47.4
8.449418242665963,47.43333333333333
8.342238664000485,47.46666666666667
8.361861055998338,47.5
8.395915400000003,47.53333333333333
8.465308333333406,47.56666666666666
8.475688539822658,47.6
8.481945181333689,47.63333333333333
8.534741949332751,47.666666666666664
8.979939215996676,47.7
9.9756681893469,47.733333333333334
9.640645285327405,47.766666666666666
9.32245265599608,47.8
8.306581543985404,47.833333333333336
7.396963234920363,47.86666666666667
7.110550964604138,47.9
7.864485268008515,47.93333333333333
9.053936653335874,47.96666666666667
8.97753996000467,48.0
8.340837866665709,48.03333333333333
8.206833738667575,48.06666666666666
8.639065831998048,48.1
8.966147767999502,48.13333333333333
9.129642240001418,48.166666666666664
8.903599055997699,48.2
8.582104597332599,48.233333333333334
8.371597402665751,48.266666666666666
8.396538559999879,48.3
8.522500549329756,48.333333333333336
8.69586959999998,48.36666666666667
8.715269440000265,48.4
8.596652418879293,48.43333333333333
8.692394730667441,48.46666666666667
8.643621520000096,48.5
8.599290520000734,48.53333333333333
8.596206322666784,48.56666666666666
8.78827699200091,48.6
8.866775986667532,48.63333333333333
8.721514445331673,48.666666666666664
8.440865231999355,48.7
8.409463513277835,48.733333333333334
8.575777573335172,48.766666666666666
8.665216800000005,48.8
8.58654957599971,48.833333333333336
8.532669645333465,48.86666666666667
8.542773519999903,48.9
8.567307618666854,48.93333333333333
8.460878486771458,48.96666666666667
8.38704878399966,49.0
8.357135738666141,49.03333333333333
8.395458082666673,49.06666666666666
8.376641391999598,49.1
8.165948733333389,49.13333333333333
8.27642852000024,49.166666666666664
8.921680120006284,49.2
9.61791628002005,49.233333333333334
9.568096339233806,49.266666666666666
9.007254527995405,49.3
8.436640042663619,49.333333333333336
8.041205146132608,49.36666666666667
7.955238210400393,49.4
8.221125869330045,49.43333333333333
8.482383336003425,49.46666666666667
8.623611096001227,49.5
8.714407709333742,49.53333333333333
8.746827581121863,49.56666666666666
8.758724600000118,49.6
8.483879999999012,49.63333333333333
8.302327037333718,49.666666666666664
8.281581335999528,49.7
9.300559131999876,49.733333333333334
8.993249845331569,49.766666666666666
9.594421809523551,49.8
9.10281603199843,49.833333333333336
8.656716072002311,49.86666666666667
8.449234464000954,49.9
8.09874793866671,49.93333333333333
7.780702675997782,49.96666666666667
7.962493420000003,50.0
8.610252320003443,50.03333333333333
9.110856826671174,50.06666666666666
9.104252769910962,50.1
8.889947767996768,50.13333333333333
8.787070273335535,50.166666666666664
8.690957959999306,50.2
8.477379837332684,50.233333333333334
8.236739970667625,50.266666666666666
8.268798711992487,50.3
8.567267106671347,50.333333333333336
8.728445826668672,50.36666666666667
9.187713784000561,50.4
8.987812600000337,50.43333333333333
8.692236786665568,50.46666666666667
8.507532335999025,50.5
8.550900111999464,50.53333333333333
8.51516006666654,50.56666666666666
8.678508392001165,50.6
